,rna,method,LociPARSE,RNArank,RNA3DCNN,ARES,tb_mcq,PAMnet,clash,3drnascore,RNA-BRiQ,RASP-ENERGY,DFIRE,cgRNASP
0,dataset3.AF3.ENSMUST00000082395.model_0.fixed.pdb,Alphafold3,0.8,0.837,4.4684825,5.78,7.51,3.57,24.65753424657534,35.67,-37.18,-38309.9,-56286.84,-640.4
2,dataset3.3dRNA.ENSMUST00000082395.test_01.pred3.min.fixed.pdb,3dRNA,0.71,0.833,17.812004,6.83,25.27,5.71,28.649386084583902,29.84,134.1,-23716.3,-42205.29,-371.64
9,dataset1.SimRNA.ENSMUST00000082395.fixed.pdb,SimRNA,0.56,0.447,12.336173,9.200901,17.03,4.8,71.75295186194369,37.65,1204.95,-23868.9,-47023.49,-465.12
10,dataset3.RNAJP.ENSMUST00000082395.em_predicted_ENSMUST00000082395-1.fixed.pdb,RNAJP,0.73,0.81,9.7675495,5.79,12.0,4.42,29.489436619718308,26.38,-92.6,-38462.8,-47991.63,-389.08
11,dataset3.Vfold.ENSMUST00000082395.npk1_vfold.fixed.pdb,Vfold,0.76,0.907,9.436977,5.82,13.04,4.28,49.04632152588556,36.51,317.7,-27274.1,-48833.68,-457.0
12,dataset3.DRfold.ENSMUST00000082395.DPR.fixed.pdb,DRfold,0.81,0.918,6.611733,6.02,11.2,3.54,25.01136880400182,36.27,32.15,-37242.3,-55774.32,-609.35
15,dataset3.RNAComposer.MUST00000082395.fixed.pdb,RNAComposer,0.6,0.443,13.067574,7.29,14.96,9.83,14.09731696225557,27.86,123.35,-14972.0,-26194.52,-173.86
19,dataset3.NuFold.ENSMUST00000082395_rank_1.pdb,NuFold,0.65,0.557,10.247248,6.45,10.1,5.01,10.28101439342015,33.01,170.42,-33825.4,-43000.57,-369.35
20,dataset3.trRosettaRNA.ENSMUST00000082395.model_1.fixed.pdb,trRosettaRNA,0.71,0.909,16.539791,6.53,23.15,4.92,27.247956403269754,27.82,68.67,-28879.6,-47582.12,-473.91
26,dataset1.DeepFoldRNA.ENSMUST00000082395.model_1.refined_model.fixed.pdb,DeepFoldRNA,0.72,0.843,9.783337,6.4,12.65,3.26,29.94275649493615,27.32,32.39,-31411.9,-50605.63,-460.54
27,dataset3.Rhofold.ENSMUST00000082395.relaxed_1000.fixed.pdb,RhoFold,0.71,0.872,17.371904,8.079504,40.23,4.85,17.280582082764894,42.14,179.4,-27417.7,-45136.2,-443.62
29,dataset3.DRfold2.ENSMUST00000082395.DPR.fixed.pdb,DRfold2,0.82,0.941,6.591882,5.92,12.66,4.37,20.89009990917348,36.04,12.02,-37368.4,-55666.89,-614.62
31,dataset3.DRfold2.ENSMUST00000083458.DPR.fixed.pdb,DRfold2,0.68,0.619,11.365468,7.9096446,19.56,5.16,31.61397670549085,33.67,247.39,-37359.4,-54470.09,-495.05
35,dataset3.Rhofold.ENSMUST00000083458.relaxed_1000.fixed.pdb,RhoFold,0.51,0.582,29.44341,11.0273552,63.31,5.54,7.913369429404415,39.66,781.47,-20553.4,-39655.56,-353.1
38,dataset3.DRfold.ENSMUST00000083458.DPR.fixed.pdb,DRfold,0.62,0.607,11.687431,8.6066589,21.96,4.08,71.63681799250313,34.74,1364.1,-30798.4,-48327.6,-406.09
40,dataset1.DeepFoldRNA.ENSMUST00000083458.model_1.refined_model.fixed.pdb,DeepFoldRNA,0.61,0.567,11.711347,7.1,15.31,4.35,28.237192416296892,24.9,125.66,-36244.9,-47204.27,-382.7
41,dataset1.SimRNA.ENSMUST00000083458.fixed.pdb,SimRNA,0.62,0.287,12.153596,8.634676,19.97,5.29,51.16472545757072,33.55,871.88,-34395.2,-46059.37,-392.32
42,dataset3.RNAComposer.MUST00000083458.fixed.pdb,RNAComposer,0.61,0.564,15.906804,7.05,18.52,5.76,65.38942107455227,29.1,427.17,-24533.7,-48050.71,-413.54
44,dataset3.RoseTTAFold2NA.ENSMUST00000083458.model_00.fixed.pdb,RoseTTAFold2NA,0.55,0.479,12.95929,7.42,12.15,5.62,29.534109816971714,28.41,379.38,-41599.8,-46006.37,-375.69
49,dataset3.3dRNA.ENSMUST00000083458.test_01.pred3.min.fixed.pdb,3dRNA,0.54,0.462,26.716139,7.28,27.48,7.05,77.46772178259059,31.5,1068.39,-15271.2,-44636.54,-300.96
51,dataset3.NuFold.ENSMUST00000083458_rank_1.pdb,NuFold,0.61,0.424,13.879625,6.77,13.67,6.32,12.507817385866167,30.26,515.95,-36893.3,-42592.8,-376.33
54,dataset3.RNAJP.ENSMUST00000083458.em_predicted_ENSMUST00000083458-1.fixed.pdb,RNAJP,0.63,0.596,13.406586,6.4,16.67,4.3,29.838709677419356,27.51,-42.6,-35535.3,-54267.93,-455.47
58,dataset3.AF3.ENSMUST00000083458.model_0.fixed.pdb,Alphafold3,0.76,0.553,3.1500227,6.5539603,10.71,2.6,17.5,32.84,-115.72,-49461.6,-58791.12,-605.46
59,dataset3.trRosettaRNA.ENSMUST00000083458.model_1.fixed.pdb,trRosettaRNA,0.5,0.44,29.507174,8.36,21.62,9.41,8.319467554076539,27.04,178.91,-21829.0,-30147.12,-272.69
65,dataset3.Rhofold.ENSMUST00000104106.relaxed_1000.fixed.pdb,RhoFold,0.55,0.64,26.24098,8.59,53.93,8.02,6.875477463712758,36.6,547.66,-22618.8,-38188.83,-291.38
71,dataset3.RNAComposer.MUST00000104106.fixed.pdb,RNAComposer,0.61,0.813,8.121326,6.2,13.75,7.11,11.077158135981666,28.67,3.52,-43599.8,-50112.38,-408.57
72,dataset3.trRosettaRNA.ENSMUST00000104106.model_1.fixed.pdb,trRosettaRNA,0.55,0.389,26.01599,7.58,18.89,8.1,6.104540251812286,26.75,157.51,-30002.9,-34349.16,-305.97
74,dataset3.3dRNA.ENSMUST00000104106.test_01.pred1.min.fixed.pdb,3dRNA,0.59,0.463,28.544384,7.76,33.12,7.35,21.390374331550802,28.94,408.24,-22266.3,-39639.0,-335.42
76,dataset3.AF3.ENSMUST00000104106.model_0.fixed.pdb,Alphafold3,0.74,0.586,4.114191,6.71,9.82,3.31,5.178365937859609,31.9,-185.81,-57276.2,-63646.83,-704.63
78,dataset3.NuFold.ENSMUST00000104106_rank_1.pdb,NuFold,0.57,0.41,12.585154,7.56,11.54,7.07,7.484168105929764,29.79,321.33,-34126.6,-38346.0,-274.9
80,dataset1.DeepFoldRNA.ENSMUST00000104106.model_1.refined_model.fixed.pdb,DeepFoldRNA,0.6,0.245,3.9766295,6.88,12.25,5.56,0.0,25.79,46.97,-33752.8,-26000.34,-127.19
81,dataset1.SimRNA.ENSMUST00000104106.fixed.pdb,SimRNA,0.58,0.288,13.482954,7.53,19.29,3.98,34.719572682182374,32.11,730.85,-37048.2,-45408.98,-387.0
82,dataset3.RNAJP.ENSMUST00000104106.em_predicted_ENSMUST00000104106-1.fixed.pdb,RNAJP,0.7,0.507,9.128784,6.54,11.54,4.6,24.399260628465804,25.74,-91.6,-45208.7,-53514.57,-424.27
83,dataset3.DRfold2.ENSMUST00000104106.DPR.fixed.pdb,DRfold2,0.65,0.406,9.998133,7.02,18.06,5.57,13.353681800839375,31.35,424.87,-40121.4,-43869.78,-355.08
84,dataset3.RoseTTAFold2NA.ENSMUST00000104106.model_00.fixed.pdb,RoseTTAFold2NA,0.62,0.319,8.841332,7.8,10.63,9.36,4.196871423120946,27.48,75.98,-32055.2,-27564.41,-115.01
88,dataset3.DRfold.ENSMUST00000104106.DPR.fixed.pdb,DRfold,0.47,0.407,29.804956,8.43,35.26,6.84,115.7372039724981,34.78,3774.33,-9341.67,-31673.2,-83.32
95,dataset3.AF3.ENSMUST00000196796.model_0.fixed.pdb,Alphafold3,0.8,0.636,-0.5352511,5.96,10.92,2.61,8.867667121418826,33.35,-211.63,-51441.5,-55828.75,-553.81
96,dataset1.DeepFoldRNA.ENSMUST00000196796.model_1.refined_model.fixed.pdb,DeepFoldRNA,0.65,0.704,9.624161,6.77,15.55,4.41,25.47211242863417,24.72,-1.91,-37187.4,-44744.46,-335.82
97,dataset3.RoseTTAFold2NA.ENSMUST00000196796.model_00.fixed.pdb,RoseTTAFold2NA,0.68,0.486,7.932467,6.91,12.96,6.88,102.80797101449275,29.72,540.23,-36409.3,-42043.17,-352.32
98,dataset3.Rhofold.ENSMUST00000196796.relaxed_1000.fixed.pdb,RhoFold,0.6,0.752,24.184208,8.29,66.97,7.93,8.616780045351474,39.71,491.16,-21775.6,-33942.06,-306.8
99,dataset3.Vfold.ENSMUST00000196796.npk1_vfold.fixed.pdb,Vfold,0.74,0.791,9.551408,6.35,11.96,5.3,15.398550724637682,32.83,-90.54,-37526.7,-46710.71,-395.56
101,dataset3.NuFold.ENSMUST00000196796_rank_1.pdb,NuFold,0.68,0.567,6.8736706,6.32,12.75,4.96,10.238907849829351,32.2,39.07,-40078.4,-46207.66,-379.37
102,dataset1.SimRNA.ENSMUST00000196796.fixed.pdb,SimRNA,0.67,0.558,11.179517,6.86,16.66,4.19,40.76086956521739,34.98,424.54,-37231.9,-48740.76,-455.72
104,dataset3.RNAJP.ENSMUST00000196796.em_predicted_ENSMUST00000196796-1.fixed.pdb,RNAJP,0.68,0.688,9.162761,5.97,14.7,4.44,29.850746268656717,27.07,-69.34,-37650.0,-48352.17,-419.09
111,dataset3.DRfold.ENSMUST00000196796.DPR.fixed.pdb,DRfold,0.71,0.71,8.7513485,6.91,17.91,4.66,50.34013605442177,34.18,1720.42,-39347.4,-46810.4,-448.91
113,dataset3.trRosettaRNA.ENSMUST00000196796.model_1.fixed.pdb,trRosettaRNA,0.64,0.654,14.90671,7.5,18.69,6.6,18.115942028985508,25.33,24.05,-31873.7,-40041.34,-326.03
118,dataset3.DRfold2.ENSMUST00000196796.DPR.fixed.pdb,DRfold2,0.75,0.68,5.050338,6.39,16.88,5.2,14.492753623188406,32.58,100.37,-41576.2,-48545.18,-458.53
120,dataset3.RNAComposer.MUST00000196796.fixed.pdb,RNAComposer,0.7,0.935,14.349211,7.23,24.36,6.08,36.281179138321995,28.38,139.93,-27125.3,-42555.68,-425.24
122,dataset3.Rhofold.ENST00000408239.relaxed_1000.fixed.pdb,RhoFold,0.52,0.626,26.92934,8.23,61.33,6.32,10.475774770842428,41.26,495.14,-22585.4,-40677.06,-317.43
123,dataset3.RoseTTAFold2NA.ENST00000408239.model_00.fixed.pdb,RoseTTAFold2NA,0.66,0.421,12.521544,7.25,13.64,6.9,31.38622493461203,29.4,226.89,-35046.2,-39495.13,-298.96
125,dataset3.NuFold.ENST00000408239_rank_1.pdb,NuFold,0.67,0.373,8.711967,6.71,10.87,5.94,1.3149243918474687,32.02,210.35,-39541.1,-44623.63,-352.09
128,dataset1.DeepFoldRNA.ENST00000408239.model_1.refined_model.fixed.pdb,DeepFoldRNA,0.64,0.353,1.9030817,6.44,8.75,4.02,16.9061707523246,25.06,-50.88,-43170.2,-40973.45,-293.42
130,dataset3.RNAComposer.ENST00000408239.fixed.pdb,RNAComposer,0.69,0.759,16.08425,6.89,21.25,6.1,35.35573985159319,28.31,93.69,-25984.6,-40628.59,-357.27
133,dataset1.SimRNA.ENST00000408239.fixed.pdb,SimRNA,0.56,0.398,10.72219,7.67,15.78,4.13,86.74803836094159,37.37,1060.35,-27768.5,-50435.15,-410.39
140,dataset3.DRfold.ENST00000408239.DPR.fixed.pdb,DRfold,0.62,0.351,10.94916,7.32,25.2,5.68,21.388040157136622,33.33,910.45,-30497.3,-35287.69,-186.68
141,dataset3.AF3.ENST00000408239.model_0.fixed.pdb,Alphafold3,0.74,0.515,1.4097533,5.95,7.79,3.62,28.90932982917214,33.19,29.48,-48624.9,-55481.86,-540.52
142,dataset3.trRosettaRNA.ENST00000408239.model_1.fixed.pdb,trRosettaRNA,0.56,0.353,19.361156,7.36,16.8,7.97,10.02615518744551,26.83,84.69,-30982.4,-34742.02,-295.16
143,dataset3.DRfold2.ENST00000408239.DPR.fixed.pdb,DRfold2,0.67,0.7,9.397347,6.86,18.42,4.9,22.667829119442022,35.12,357.06,-34517.7,-47829.49,-444.03
145,dataset3.RNAJP.ENST00000408239.em_predicted_ENST00000408239-1.fixed.pdb,RNAJP,0.65,0.608,14.268283,6.36,15.72,5.71,27.46092099704267,27.22,-14.69,-34310.2,-45373.14,-373.47
146,dataset3.3dRNA.ENST00000516765.test_01.pred4.min.fixed.pdb,3dRNA,0.7,0.912,16.828178,7.58,27.27,4.59,30.176415970287838,29.25,87.76,-30927.3,-45060.52,-392.52
147,dataset3.RNAComposer.ENST00000516765.fixed.pdb,RNAComposer,0.51,0.524,14.198582,6.72,17.69,7.43,19.96285979572888,28.26,97.82,-23233.6,-36729.98,-332.65
148,dataset1.DeepFoldRNA.ENST00000516765.model_1.refined_model.fixed.pdb,DeepFoldRNA,0.66,0.642,13.88304,7.2,16.07,4.12,24.719101123595507,24.91,63.61,-31260.3,-41535.09,-324.02
149,dataset3.DRfold2.ENST00000516765.DPR.fixed.pdb,DRfold2,0.68,0.64,12.502572,6.84,20.41,4.02,26.88919796012981,35.67,541.52,-34021.3,-48840.24,-432.6
151,dataset3.trRosettaRNA.ENST00000516765.model_1.fixed.pdb,trRosettaRNA,0.62,0.785,22.899757,7.29,26.36,7.14,22.716736207695874,26.01,143.63,-28407.5,-39128.1,-397.79
152,dataset3.Vfold.ENST00000516765.npk1_vfold.fixed.pdb,Vfold,0.7,0.769,14.254896,6.98,15.64,5.46,16.226240148354197,33.6,211.64,-29906.0,-44581.5,-372.96
153,dataset3.RNAJP.ENST00000516765.em_predicted_ENST00000516765-1.fixed.pdb,RNAJP,0.66,0.609,12.936105,6.86,13.99,4.59,35.93890386343217,25.73,-5.92,-32547.1,-44314.56,-393.87
157,dataset3.AF3.ENST00000516765.model_0.fixed.pdb,Alphafold3,0.79,0.577,2.2553682,6.06,9.0,2.84,8.368200836820083,32.49,-205.72,-48444.5,-52660.16,-545.56
158,dataset3.NuFold.ENST00000516765_rank_1.pdb,NuFold,0.64,0.469,6.6234684,6.87,10.98,6.9,3.4891835310537336,30.12,-14.78,-34220.1,-36806.86,-310.19
164,dataset3.Rhofold.ENST00000516765.relaxed_1000.fixed.pdb,RhoFold,0.61,0.715,23.735846,8.24,56.44,8.38,5.10677808727948,37.24,457.45,-18773.5,-28136.72,-247.19
172,dataset3.DRfold.ENST00000516765.DPR.fixed.pdb,DRfold,0.6,0.593,15.935958,7.74,22.97,7.4,25.998142989786444,33.59,937.39,-26985.8,-36672.23,-292.03
173,dataset1.SimRNA.ENST00000516765.fixed.pdb,SimRNA,0.58,0.308,10.859783,8.1060066,16.89,3.88,40.333796940194716,33.97,381.48,-33315.7,-42340.65,-402.99
174,dataset3.RoseTTAFold2NA.ENST00000516765.model_00.fixed.pdb,RoseTTAFold2NA,0.75,0.537,7.818878,7.2,11.44,4.97,57.95085767269356,28.77,68.76,-41429.8,-46344.84,-410.97
186,dataset3.trRosettaRNA.ENST00000618281.model_1.fixed.pdb,trRosettaRNA,0.63,0.689,23.998625,7.42,21.53,6.28,20.177838577291382,26.61,50.09,-41473.0,-54334.77,-494.34
187,dataset3.RNAJP.ENST00000618281.em_predicted_ENST00000618281-1.fixed.pdb,RNAJP,0.72,0.646,11.580518,6.23,16.42,4.28,25.84493041749503,26.63,-9.33,-53462.7,-61595.06,-503.47
188,dataset3.NuFold.ENST00000618281_rank_1.pdb,NuFold,0.72,0.553,7.2706175,6.67,12.25,5.66,7.755946225439503,30.91,84.99,-54493.3,-62193.03,-482.57
189,dataset3.RNAComposer.ENST00000618281.fixed.pdb,RNAComposer,0.66,0.886,19.911346,7.23,19.43,6.18,31.838411502909963,28.69,67.84,-35591.3,-54276.69,-437.77
190,dataset3.DRfold2.ENST00000618281.DPR.fixed.pdb,DRfold2,0.74,0.622,7.006146,6.46,19.6,4.57,12.995896032831737,31.73,62.9,-62353.6,-69452.16,-681.97
191,dataset3.Rhofold.ENST00000618281.relaxed_1000.fixed.pdb,RhoFold,0.58,0.691,32.182533,7.93,50.65,6.6,6.162273194111606,36.89,522.35,-33458.6,-49879.75,-492.36
192,dataset3.AF3.ENST00000618281.model_0.fixed.pdb,Alphafold3,0.8,0.583,2.2733767,6.32,12.33,2.94,7.235142118863049,31.7,-206.01,-70216.8,-75101.23,-694.82
194,dataset1.SimRNA.ENST00000618281.fixed.pdb,SimRNA,0.6,0.409,18.674454,7.37,20.37,4.64,64.2954856361149,33.07,1125.24,-41481.6,-57617.97,-533.19
197,dataset3.RoseTTAFold2NA.ENST00000618281.model_00.fixed.pdb,RoseTTAFold2NA,0.59,0.358,14.439635,7.65,14.65,8.9,10.943912448700411,28.24,224.79,-36852.6,-39873.93,-251.38
199,dataset3.Vfold.ENST00000618281.npk1_vfold.fixed.pdb,Vfold,0.67,0.921,21.350786,6.62,18.26,5.99,12.995896032831737,31.88,193.7,-34764.4,-54131.84,-439.2
200,dataset3.DRfold.ENST00000618281.DPR.fixed.pdb,DRfold,0.65,0.6,10.493436,6.99,28.78,3.37,35.9465936323177,34.07,1965.15,-40182.5,-56561.94,-340.8
201,dataset1.DeepFoldRNA.ENST00000618281.model_1.refined_model.fixed.pdb,DeepFoldRNA,0.6,0.552,13.679863,7.4,16.11,4.71,21.21312562147829,25.3,-9.44,-48385.9,-57792.43,-477.38
203,dataset3.3dRNA.ENST00000618281.test_01.pred2.min.fixed.pdb,3dRNA,0.66,0.873,28.771013,7.41,32.38,5.46,37.31598767545361,31.03,631.91,-27338.3,-58212.18,-465.66
204,dataset3.DRfold2.ENST00000621422.DPR.fixed.pdb,DRfold2,0.59,0.712,11.636687,6.81,21.2,5.43,14.73063973063973,35.47,327.81,-31978.3,-47931.04,-433.88
205,dataset1.SimRNA.ENST00000621422.fixed.pdb,SimRNA,0.6,0.373,13.435053,7.01,17.44,4.74,53.45117845117845,35.3,707.28,-35787.0,-48725.09,-417.36
207,dataset3.trRosettaRNA.ENST00000621422.model_1.fixed.pdb,trRosettaRNA,0.59,0.486,26.662945,7.31,23.31,7.29,14.30976430976431,28.95,125.24,-28532.2,-40585.15,-306.99
209,dataset3.RoseTTAFold2NA.ENST00000621422.model_00.fixed.pdb,RoseTTAFold2NA,0.57,0.389,11.786085,7.42,13.21,7.82,48.821548821548824,32.17,221.53,-33466.3,-41236.0,-308.93
210,dataset3.Rhofold.ENST00000621422.relaxed_1000.fixed.pdb,RhoFold,0.43,0.464,37.4648,7.12,64.19,6.93,40.4551201011378,48.09,1448.8,131.58,-44458.11,-229.95
211,dataset3.RNAJP.ENST00000621422.em_predicted_ENST00000621422-1.fixed.pdb,RNAJP,0.69,0.702,11.435124,6.21,13.24,4.76,33.45573235414117,28.56,-113.58,-38184.7,-52870.12,-483.22
213,dataset3.DRfold.ENST00000621422.DPR.fixed.pdb,DRfold,0.55,0.606,11.03572,8.8646946,26.97,6.27,348.0825958702065,42.83,5244.39,-17514.0,-48367.23,-318.31
215,dataset3.AF3.ENST00000621422.model_0.fixed.pdb,Alphafold3,0.75,0.512,3.2725477,5.61,9.91,3.04,15.247776365946633,35.66,-153.57,-45054.1,-61773.13,-641.87
217,dataset3.RNAComposer.ENST00000621422.fixed.pdb,RNAComposer,0.66,0.831,13.286361,6.71,19.38,6.29,45.51201011378002,30.33,85.82,-26026.2,-47486.23,-411.5
223,dataset3.NuFold.ENST00000621422_rank_1.pdb,NuFold,0.67,0.459,10.071364,6.19,12.59,4.96,23.521932612841702,34.26,166.45,-42250.0,-53635.17,-459.45
224,dataset1.DeepFoldRNA.ENST00000621422.model_1.refined_model.fixed.pdb,DeepFoldRNA,0.66,0.487,9.814189,6.45,12.92,4.07,19.183673469387756,27.51,2.27,-40347.7,-46666.51,-361.22
225,dataset3.3dRNA.ENST00000621422.test_01.pred4.min.fixed.pdb,3dRNA,0.63,0.521,18.070475,6.75,28.54,5.73,29.49852507374631,30.8,192.44,-26730.5,-47398.54,-419.12
235,dataset3.RNAJP.ENST00000628469.em_predicted_ENST00000628469-1.fixed.pdb,RNAJP,0.59,0.621,19.961561,6.38,18.36,5.53,29.537504858142245,30.21,21.54,-29567.3,-54745.81,-435.12
237,dataset3.trRosettaRNA.ENST00000628469.model_1.fixed.pdb,trRosettaRNA,0.62,0.461,23.372423,7.18,19.9,7.08,13.231756214915798,26.99,86.64,-36772.8,-43917.22,-392.33
238,dataset3.NuFold.ENST00000628469_rank_1.pdb,NuFold,0.61,0.385,8.572293,6.7,12.36,5.2,129.98790810157195,32.7,2393.2,-39276.5,-43565.63,-352.88
241,dataset3.DRfold.ENST00000628469.DPR.fixed.pdb,DRfold,0.57,0.405,23.136896,7.21,31.51,5.42,37.735849056603776,35.8,1251.82,-18761.8,-41054.88,-211.26
242,dataset1.SimRNA.ENST00000628469.fixed.pdb,SimRNA,0.55,0.368,20.502851,7.52,19.08,5.77,55.73376102646351,34.9,644.49,-27794.7,-47451.81,-413.11
243,dataset3.Rhofold.ENST00000628469.relaxed_1000.fixed.pdb,RhoFold,0.58,0.758,27.200018,7.54,61.86,6.32,6.423123243677238,41.18,456.5,-32010.6,-46419.09,-415.58
244,dataset3.Vfold.ENST00000628469.npk1_vfold.fixed.pdb,Vfold,0.68,0.695,15.087783,6.69,16.23,4.72,117.08099438652766,35.66,919.63,-29479.7,-52554.03,-374.89
246,dataset3.DRfold2.ENST00000628469.DPR.fixed.pdb,DRfold2,0.69,0.416,7.0374393,6.22,17.59,4.04,20.04811547714515,32.73,148.18,-43948.8,-51293.78,-429.78
247,dataset1.DeepFoldRNA.ENST00000628469.model_1.refined_model.fixed.pdb,DeepFoldRNA,0.65,0.37,4.501192,6.46,13.93,4.34,18.662519440124417,25.53,-5.24,-45167.9,-44049.43,-297.43
249,dataset3.RoseTTAFold2NA.ENST00000628469.model_00.fixed.pdb,RoseTTAFold2NA,0.69,0.359,2.7917228,6.9,12.16,5.8,37.28949478748998,29.42,78.62,-45407.1,-46808.81,-348.35
252,dataset3.AF3.ENST00000628469.model_0.fixed.pdb,Alphafold3,0.77,0.453,0.4420597,5.99,9.89,2.84,12.084592145015106,32.38,-183.64,-55059.2,-59793.2,-529.94
259,dataset3.RNAComposer.ENST00000628469.fixed.pdb,RNAComposer,0.67,0.853,17.941671,7.28,24.1,6.83,28.90405459654757,29.32,168.29,-29356.0,-42622.86,-310.3
260,dataset3.3dRNA.ENST00000628469.test_01.pred2.min.fixed.pdb,3dRNA,0.63,0.567,24.67661,7.63,29.4,7.53,19.67081493376154,29.72,278.08,-24641.2,-44137.48,-338.58
266,dataset3.AF3.ENSMUST00000083321.model_0.fixed.pdb,Alphafold3,0.79,0.555,2.5426798,5.52,9.61,2.79,20.555355210962855,30.39,-126.46,-94503.0,-112963.29,-968.14
268,dataset3.Rhofold.ENSMUST00000083321.relaxed_1000.fixed.pdb,RhoFold,0.44,0.529,60.98323,10.3408394,50.61,5.48,100.43041606886658,40.1,3538.58,2900.45,-93416.18,-650.46
271,dataset3.DRfold.ENSMUST00000083321.DPR.fixed.pdb,DRfold,0.62,0.527,16.319191,7.5984006,22.48,2.31,135.82018173122907,32.91,5672.75,-52003.1,-88678.42,-512.42
272,dataset3.DRfold2.ENSMUST00000083321.DPR.fixed.pdb,DRfold2,0.57,0.5,32.348316,6.65,26.26,4.73,42.77180406212664,33.11,2241.83,-46086.5,-89742.11,-727.3
279,dataset1.SimRNA.ENSMUST00000083321.fixed.pdb,SimRNA,0.62,0.323,18.620193,6.9,16.8,4.38,53.04659498207885,31.01,794.61,-68142.3,-91188.7,-722.26
281,dataset1.DeepFoldRNA.ENSMUST00000083321.model_1.refined_model.fixed.pdb,DeepFoldRNA,0.66,0.511,20.791153,6.46,13.9,4.3,23.86468952734013,26.18,34.11,-67408.5,-89237.62,-544.92
283,dataset3.RNAComposer.MUST00000083321.fixed.pdb,RNAComposer,0.68,0.75,17.925756,6.4,16.76,5.27,35.38976566236251,27.63,21.21,-65254.3,-90350.1,-727.36
284,dataset3.RNAJP.ENSMUST00000083321.em_predicted_ENSMUST00000083321-1.fixed.pdb,RNAJP,0.68,0.501,26.922215,6.29,18.08,5.01,34.05142460041696,27.74,47.98,-64867.6,-94779.31,-618.72
286,dataset3.3dRNA.ENSMUST00000083321.test_01.pred2.min.fixed.pdb,3dRNA,0.67,0.725,29.221617,6.76,30.87,5.47,29.890004782400766,28.54,407.03,-63219.0,-91099.65,-654.49
288,dataset3.NuFold.ENSMUST00000083321_rank_1.pdb,NuFold,0.72,0.413,7.890277,6.06,10.78,3.77,19.48051948051948,29.66,269.65,-88176.6,-93715.82,-670.42
289,dataset3.RoseTTAFold2NA.ENSMUST00000083321.model_00.fixed.pdb,RoseTTAFold2NA,0.65,0.369,24.223179,7.26,14.12,7.77,22.700119474313023,28.35,229.67,-62013.2,-77509.98,-479.04
290,dataset3.trRosettaRNA.ENSMUST00000083321.model_1.fixed.pdb,trRosettaRNA,0.63,0.465,27.59164,6.89,17.03,6.24,20.07168458781362,26.28,46.11,-64903.3,-82961.31,-660.8
293,dataset1.SimRNA.ENSMUST00000102350.fixed.pdb,SimRNA,0.58,0.331,14.315547,8.2639618,17.22,4.49,59.531772575250834,32.76,992.93,-44522.3,-62194.48,-561.11
294,dataset3.Rhofold.ENSMUST00000102350.relaxed_1000.fixed.pdb,RhoFold,0.4,0.535,52.437088,11.5527515,59.21,6.73,54.904586541680615,42.94,1994.09,5459.38,-63660.98,-465.96
297,dataset3.DRfold2.ENSMUST00000102350.DPR.fixed.pdb,DRfold2,0.7,0.623,6.879168,6.17,15.67,3.92,24.74916387959866,31.78,470.33,-54252.2,-68479.5,-634.97
304,dataset3.NuFold.ENSMUST00000102350_rank_1.pdb,NuFold,0.7,0.455,7.211963,6.1,11.1,4.89,23.138832997987926,30.08,265.01,-56097.2,-59755.42,-451.63
305,dataset1.DeepFoldRNA.ENSMUST00000102350.model_1.refined_model.fixed.pdb,DeepFoldRNA,0.58,0.458,11.48553,6.69,10.95,4.26,21.73207914369121,24.62,33.13,-49699.6,-55242.11,-421.48
312,dataset3.RNAComposer.MUST00000102350.fixed.pdb,RNAComposer,0.63,0.784,13.326347,6.71,17.36,5.25,27.452293270840308,27.78,82.94,-45312.9,-60185.8,-595.72
313,dataset3.trRosettaRNA.ENSMUST00000102350.model_1.fixed.pdb,trRosettaRNA,0.6,0.504,27.453358,7.07,20.62,7.15,16.387959866220736,26.56,162.96,-37996.5,-53534.54,-452.53
315,dataset3.DRfold.ENSMUST00000102350.DPR.fixed.pdb,DRfold,0.49,0.46,23.519585,9.3370667,37.78,4.26,319.38399732172746,38.34,6786.36,-8902.46,-51240.34,-283.68
318,dataset3.RNAJP.ENSMUST00000102350.em_predicted_ENSMUST00000102350-1.fixed.pdb,RNAJP,0.63,0.72,22.743666,7.0,18.07,6.63,27.561608300907913,26.95,57.45,-40231.2,-60010.97,-522.14
319,dataset3.AF3.ENSMUST00000102350.model_0.fixed.pdb,Alphafold3,0.72,0.836,-1.1398599,6.8285995,9.32,2.57,68.87883358471593,32.78,364.0,-63319.2,-78940.76,-786.33
320,dataset3.RoseTTAFold2NA.ENSMUST00000102350.model_00.fixed.pdb,RoseTTAFold2NA,0.61,0.355,12.67114,7.54,12.99,10.45,12.040133779264215,27.29,195.46,-33998.0,-34007.0,-179.83
322,dataset3.RNAComposer.MUST00000122608.fixed.pdb,RNAComposer,0.72,0.38,15.200575,6.89,13.57,4.65,3.541912632821724,26.51,112.42,-67286.0,-49260.61,-390.54
324,dataset3.3dRNA.ENSMUST00000122608.test_01.pred2.min.fixed.pdb,3dRNA,0.62,0.8,38.6954,7.3,28.54,5.89,22.43211334120425,28.68,522.28,-45742.1,-83066.46,-642.08
325,dataset3.trRosettaRNA.ENSMUST00000122608.model_1.fixed.pdb,trRosettaRNA,0.6,0.604,26.085571,6.54,17.23,5.74,19.112789051439357,25.86,95.67,-71286.8,-81905.47,-613.86
327,dataset3.DRfold2.ENSMUST00000122608.DPR.fixed.pdb,DRfold2,0.7,0.556,7.2608747,6.16,15.02,5.78,9.674374705049551,28.54,216.82,-68374.2,-68247.48,-547.6
331,dataset3.NuFold.ENSMUST00000122608_rank_1.pdb,NuFold,0.58,0.321,14.219906,6.58,10.1,4.98,6.058446186742694,28.76,231.8,-76200.1,-80719.74,-615.09
333,dataset3.RNAJP.ENSMUST00000122608.em_predicted_ENSMUST00000122608-1.fixed.pdb,RNAJP,0.68,0.603,20.360954,6.5,14.17,4.46,32.250686184812444,26.29,-6.34,-69999.4,-87775.19,-685.48
335,dataset3.DRfold.ENSMUST00000122608.DPR.fixed.pdb,DRfold,0.41,0.396,27.205067,7.27,47.47,2.52,315.4663518299882,38.66,11590.0,24731.8,-73720.28,-80.11
336,dataset1.DeepFoldRNA.ENSMUST00000122608.model_1.refined_model.fixed.pdb,DeepFoldRNA,0.59,0.438,9.06012,6.72,13.32,4.75,8.007320979180966,25.79,88.58,-64472.7,-60008.65,-341.63
338,dataset3.AF3.ENSMUST00000122608.model_0.fixed.pdb,Alphafold3,0.75,0.767,7.0165176,6.43,10.11,4.3,7.125044531528322,29.6,-256.47,-74873.0,-96689.78,-881.27
344,dataset3.Rhofold.ENSMUST00000122608.relaxed_1000.fixed.pdb,RhoFold,0.38,0.397,68.8062,10.3423462,58.73,4.01,134.12042502951593,41.89,5025.45,36435.5,-105691.4,-671.67
348,dataset3.RoseTTAFold2NA.ENSMUST00000122608.model_00.fixed.pdb,RoseTTAFold2NA,0.59,0.579,29.253357,7.5,14.35,7.55,71.0240679565833,28.3,802.33,-52127.8,-67960.14,-447.9
350,dataset1.SimRNA.ENSMUST00000122608.fixed.pdb,SimRNA,0.55,0.31,30.110317,7.16,17.19,5.31,44.36054742803209,31.04,1513.19,-47034.5,-81081.72,-705.12
351,dataset3.Vfold.ENST00000363858.npk1_vfold.fixed.pdb,Vfold,0.55,0.585,25.492102,6.74,20.48,3.92,461.44685918428104,36.19,5935.2,-20348.8,-67078.61,-556.0
352,dataset3.RNAJP.ENST00000363858.em_predicted_ENST00000363858-1.fixed.pdb,RNAJP,0.69,0.72,15.129026,6.08,14.84,4.92,31.457431457431458,26.01,-43.06,-57736.8,-68699.04,-491.39
355,dataset3.trRosettaRNA.ENST00000363858.model_1.fixed.pdb,trRosettaRNA,0.6,0.601,27.758871,6.85,19.65,6.27,19.946412622804406,26.54,138.71,-46796.3,-61802.7,-505.8
358,dataset3.AF3.ENST00000363858.model_0.fixed.pdb,Alphafold3,0.77,0.655,2.4405413,5.84,10.41,2.77,5.381165919282512,30.44,-288.77,-74963.5,-82606.26,-726.84
359,dataset1.SimRNA.ENST00000363858.fixed.pdb,SimRNA,0.58,0.34,23.39399,9.0253925,19.67,5.29,79.487942840131,33.09,1535.35,-40481.9,-69144.01,-511.53
362,dataset3.RoseTTAFold2NA.ENST00000363858.model_00.fixed.pdb,RoseTTAFold2NA,0.57,0.423,26.468712,7.77,15.03,10.02,41.67907115212861,28.47,492.74,-35220.2,-47419.99,-258.46
363,dataset3.DRfold.ENST00000363858.DPR.fixed.pdb,DRfold,0.57,0.483,30.155596,8.12,31.08,6.27,65.25625744934446,32.49,3511.57,-16594.3,-39183.29,-13.73
364,dataset3.NuFold.ENST00000363858_rank_1.pdb,NuFold,0.55,0.381,20.483442,6.92,12.53,6.59,28.712427097353075,29.28,682.84,-48833.2,-52789.08,-388.67
365,dataset3.Rhofold.ENST00000363858.relaxed_1000.fixed.pdb,RhoFold,0.58,0.762,39.222713,8.48,56.88,9.67,4.469606674612634,33.82,612.48,-27162.9,-38534.62,-273.79
371,dataset3.RNAComposer.ENST00000363858.fixed.pdb,RNAComposer,0.68,0.876,22.538578,6.88,20.7,5.59,38.43861740166865,28.04,123.86,-41139.9,-64470.83,-524.01
373,dataset1.DeepFoldRNA.ENST00000363858.model_1.refined_model.fixed.pdb,DeepFoldRNA,0.6,0.462,21.515064,7.54,17.88,6.09,19.919168591224018,26.83,257.68,-38892.0,-46532.71,-310.89
376,dataset3.DRfold2.ENST00000363858.DPR.fixed.pdb,DRfold2,0.74,0.7,6.5447397,5.83,16.22,3.73,22.32807383149747,31.0,-30.68,-66217.9,-78875.32,-721.63
377,dataset3.NuFold.ENST00000468851_rank_1.pdb,NuFold,0.58,0.386,13.119232,6.56,11.29,,16.311166875784192,32.79,524.99,-34108.5,-43104.44,-356.75
381,dataset1.DeepFoldRNA.ENST00000468851.model_1.refined_model.fixed.pdb,DeepFoldRNA,0.67,0.272,-0.71550256,6.43,10.98,,0.0,26.13,-17.66,-42706.8,-29629.0,-159.88
387,dataset3.AF3.ENST00000468851.model_0.fixed.pdb,Alphafold3,0.74,0.599,0.5786423,5.61,8.62,,6.896551724137931,33.38,-162.38,-51434.5,-58548.49,-564.17
389,dataset3.RNAJP.ENST00000468851.em_predicted_ENST00000468851-1.fixed.pdb,RNAJP,0.69,0.721,12.092144,5.59,15.98,,31.035872632003226,28.34,-19.19,-37194.7,-52323.7,-410.41
392,dataset3.trRosettaRNA.ENST00000468851.model_1.fixed.pdb,trRosettaRNA,0.59,0.348,19.110586,7.46,17.64,,5.405405405405405,26.92,124.36,-28805.8,-32710.78,-274.56
393,dataset1.SimRNA.ENST00000468851.fixed.pdb,SimRNA,0.65,0.363,13.529159,7.06,16.07,,48.232848232848234,34.69,457.18,-37617.7,-49674.07,-444.67
395,dataset3.Rhofold.ENST00000468851.relaxed_1000.fixed.pdb,RhoFold,0.52,0.654,28.731825,7.88,47.59,,8.742714404662781,42.41,432.3,-19851.6,-44764.49,-374.0
397,dataset3.DRfold2.ENST00000468851.DPR.fixed.pdb,DRfold2,0.58,0.406,17.615849,6.85,21.59,,16.632016632016633,34.33,350.64,-29183.6,-42817.68,-375.57
401,dataset3.3dRNA.ENST00000468851.test_01.pred3.min.fixed.pdb,3dRNA,0.63,0.736,20.892302,7.23,35.98,,22.481265611990008,30.61,306.75,-26135.4,-45308.5,-367.43
403,dataset3.DRfold.ENST00000468851.DPR.fixed.pdb,DRfold,0.61,0.464,16.389357,7.36,25.61,,83.68026644462948,35.55,2234.52,-23610.9,-38794.0,-232.83
404,dataset3.RoseTTAFold2NA.ENST00000468851.model_00.fixed.pdb,RoseTTAFold2NA,0.64,0.356,11.807168,7.18,13.81,,24.948024948024948,31.15,159.78,-34887.3,-46922.2,-404.92
405,dataset3.RNAComposer.ENST00000468851.fixed.pdb,RNAComposer,0.67,0.657,15.958307,7.69,19.02,,25.3955037468776,28.62,44.73,-27322.1,-36258.52,-247.15
407,dataset3.Vfold.ENST00000468851.npk1_vfold.fixed.pdb,Vfold,0.65,0.666,19.72323,6.7,17.99,,26.195426195426194,35.84,449.63,-19518.9,-48585.05,-332.96
411,dataset3.Rhofold.ENST00000614674.relaxed_1000.fixed.pdb,RhoFold,0.44,0.529,39.63723,10.4845867,64.79,5.64,92.14876033057851,50.38,2993.39,1647.08,-52028.4,-342.72
412,dataset3.trRosettaRNA.ENST00000614674.model_1.fixed.pdb,trRosettaRNA,0.59,0.466,19.398937,7.37,19.62,7.33,10.317787866281469,27.07,107.15,-34243.0,-39572.08,-353.31
413,dataset3.RNAJP.ENST00000614674.em_predicted_ENST00000614674-1.fixed.pdb,RNAJP,0.67,0.727,11.206866,5.99,12.29,4.76,32.4,28.37,-52.8,-39640.0,-53354.31,-457.82
414,dataset1.DeepFoldRNA.ENST00000614674.model_1.refined_model.fixed.pdb,DeepFoldRNA,0.61,0.364,6.2341256,6.9,14.76,4.5,12.404961984793918,26.34,31.79,-39191.1,-39134.34,-286.35
415,dataset1.SimRNA.ENST00000614674.fixed.pdb,SimRNA,0.63,0.406,10.054691,6.92,19.11,4.26,45.39826661163846,36.03,454.18,-39929.3,-55030.98,-518.9
416,dataset3.NuFold.ENST00000614674_rank_1.pdb,NuFold,0.69,0.429,9.9686,6.57,13.84,4.91,74.23580786026201,33.6,1371.85,-45128.0,-50656.89,-443.08
417,dataset3.RNAComposer.ENST00000614674.fixed.pdb,RNAComposer,0.68,0.807,18.350151,7.61,23.61,7.03,38.01652892561984,29.52,97.46,-27085.3,-44541.7,-383.71
418,dataset3.DRfold2.ENST00000614674.DPR.fixed.pdb,DRfold2,0.64,0.66,10.699429,6.75,24.45,5.11,22.286421791167975,35.33,632.32,-33013.8,-50478.57,-421.54
427,dataset3.RoseTTAFold2NA.ENST00000614674.model_00.fixed.pdb,RoseTTAFold2NA,0.64,0.416,12.385882,7.09,13.36,7.22,21.460998761865454,30.6,40.28,-38329.2,-48091.6,-380.83
431,dataset3.DRfold.ENST00000614674.DPR.fixed.pdb,DRfold,0.62,0.576,22.21832,7.44,25.95,6.87,39.256198347107436,35.24,1374.41,-24155.8,-43286.82,-303.93
434,dataset3.AF3.ENST00000614674.model_0.fixed.pdb,Alphafold3,0.76,0.576,1.0876989,6.6283474,10.65,3.17,71.69576059850374,35.89,659.9,-50400.0,-64782.06,-715.09
439,dataset1.DeepFoldRNA.ENST00000620871.model_1.refined_model.fixed.pdb,DeepFoldRNA,0.56,0.338,9.902061,6.69,10.29,4.46,14.094432699083862,26.48,-41.0,-41601.5,-49701.99,-333.61
440,dataset3.AF3.ENST00000620871.model_0.fixed.pdb,Alphafold3,0.69,0.535,11.642729,6.29,10.71,4.68,14.818880351262349,33.74,-152.05,-48338.5,-69536.86,-650.38
444,dataset3.Rhofold.ENST00000620871.relaxed_1000.fixed.pdb,RhoFold,0.55,0.544,34.169113,7.89,54.12,7.13,24.008730447435433,39.3,883.15,-23602.6,-47989.39,-346.79
447,dataset3.DRfold.ENST00000620871.DPR.fixed.pdb,DRfold,0.64,0.564,14.545859,7.29,20.49,4.04,79.66533284830848,34.45,2747.6,-34731.1,-51929.87,-291.66
449,dataset3.DRfold2.ENST00000620871.DPR.fixed.pdb,DRfold2,0.64,0.49,12.30902,6.61,18.43,4.54,21.802325581395348,33.34,200.96,-45633.0,-60227.1,-560.61
452,dataset3.RNAJP.ENST00000620871.em_predicted_ENST00000620871-1.fixed.pdb,RNAJP,0.62,0.625,17.919128,6.18,15.06,5.3,26.417752729834447,27.77,-22.54,-40727.8,-56468.64,-479.44
453,dataset3.NuFold.ENST00000620871_rank_1.pdb,NuFold,0.71,0.461,8.849291,6.73,12.74,5.56,4.942339373970346,31.16,111.14,-46367.3,-53080.07,-397.72
454,dataset3.RNAComposer.ENST00000620871.fixed.pdb,RNAComposer,0.67,0.59,9.873105,7.41,17.04,7.24,25.463805020007275,27.74,-9.39,-36627.9,-47015.6,-338.51
459,dataset3.trRosettaRNA.ENST00000620871.model_1.fixed.pdb,trRosettaRNA,0.59,0.564,23.62412,6.87,21.19,7.18,20.712209302325583,27.66,82.38,-37896.1,-53168.09,-465.16
461,dataset3.3dRNA.ENST00000620871.test_01.pred2.min.fixed.pdb,3dRNA,0.64,0.644,26.637718,7.12,29.08,6.76,24.736267733721352,30.04,408.92,-30834.5,-51730.9,-408.13
462,dataset1.SimRNA.ENST00000620871.fixed.pdb,SimRNA,0.58,0.336,17.374218,7.26,18.14,4.95,41.424418604651166,33.97,690.58,-38497.6,-55986.06,-509.7
465,dataset3.RoseTTAFold2NA.ENST00000620871.model_00.fixed.pdb,RoseTTAFold2NA,0.62,0.489,14.491242,7.11,11.97,6.43,65.7703488372093,31.16,319.18,-42441.7,-56711.89,-459.69
470,dataset3.Vfold.ENST00000622426.npk1_vfold.fixed.pdb,Vfold,0.66,0.647,20.392748,6.54,15.75,7.12,20.242914979757085,33.6,345.92,-26568.5,-46787.95,-318.52
474,dataset3.RNAComposer.ENST00000622426.fixed.pdb,RNAComposer,0.66,0.613,16.53041,7.55,18.31,6.57,35.265504661532226,28.96,66.81,-28274.3,-44963.09,-370.74
476,dataset3.DRfold2.ENST00000622426.DPR.fixed.pdb,DRfold2,0.74,0.532,6.084674,5.78,15.0,3.62,19.02834008097166,33.63,23.13,-49588.4,-59602.15,-612.12
480,dataset3.DRfold.ENST00000622426.DPR.fixed.pdb,DRfold,0.7,0.57,8.204904,7.4932356,19.48,3.65,53.91163356303202,36.6,998.36,-40567.1,-56035.63,-486.95
482,dataset3.NuFold.ENST00000622426_rank_1.pdb,NuFold,0.71,0.491,7.1910458,6.2,10.38,5.62,12.836185819070904,32.32,30.06,-46608.6,-51939.85,-409.76
489,dataset3.AF3.ENST00000622426.model_0.fixed.pdb,Alphafold3,0.79,0.537,2.8976815,5.84,8.41,3.29,31.765424557116678,33.81,-17.37,-50190.3,-62163.25,-637.46
491,dataset3.trRosettaRNA.ENST00000622426.model_1.fixed.pdb,trRosettaRNA,0.64,0.459,17.866148,7.2,17.72,7.74,12.955465587044534,26.3,74.3,-33765.7,-39132.93,-321.29
492,dataset1.DeepFoldRNA.ENST00000622426.model_1.refined_model.fixed.pdb,DeepFoldRNA,0.61,0.522,9.596745,6.57,12.07,3.99,25.127601099332548,25.96,-29.25,-42665.0,-50963.84,-424.27
493,dataset1.SimRNA.ENST00000622426.fixed.pdb,SimRNA,0.59,0.431,13.419998,7.15,17.83,4.69,82.18623481781377,36.2,980.55,-31569.0,-53486.08,-487.2
494,dataset3.RNAJP.ENST00000622426.em_predicted_ENST00000622426-1.fixed.pdb,RNAJP,0.7,0.597,8.168214,5.8,10.21,3.9,29.43485086342229,27.32,-129.16,-44376.0,-53709.91,-429.75
496,dataset3.RoseTTAFold2NA.ENST00000622426.model_00.fixed.pdb,RoseTTAFold2NA,0.71,0.543,9.371029,6.43,10.37,5.94,58.70445344129555,30.99,100.15,-47718.6,-56362.21,-465.94
498,dataset3.Rhofold.ENST00000622426.relaxed_1000.fixed.pdb,RhoFold,0.49,0.607,33.82612,7.89,64.32,7.31,32.02269963518444,42.68,1336.57,-14860.3,-41039.13,-252.15
499,dataset3.FARFAR2.ENSMUST00000082395.best.fixed.pdb,FARFAR2,0.76,0.618,8.111242,6.64,11.92,3.74,32.36098450319052,,-94.92,-39882.6,-51244.5,-464.64
500,dataset3.FARFAR2.ENSMUST00000083458.best.fixed.pdb,FARFAR2,0.73,0.521,14.45917,6.94,16.84,3.72,35.475792988313856,,-64.33,-36211.5,-52461.72,-490.4
501,dataset3.FARFAR2.ENSMUST00000104106.best.fixed.pdb,FARFAR2,0.72,0.57,8.925659,7.14,12.82,3.68,34.06046689628779,,-96.14,-51386.5,-62243.01,-603.63
502,dataset3.FARFAR2.ENSMUST00000196796.best.fixed.pdb,FARFAR2,0.74,0.65,8.970011,6.18,14.65,3.37,39.909297052154194,25.54,-74.84,-41498.1,-53717.86,-513.07
503,dataset3.FARFAR2.ENST00000408239.best.fixed.pdb,FARFAR2,0.66,0.486,12.637413,6.72,11.8,3.95,33.17328677433435,25.97,-76.48,-38435.0,-52082.02,-524.94
504,dataset3.FARFAR2.ENST00000516765.best.fixed.pdb,FARFAR2,0.71,0.666,11.012284,6.92,13.32,3.53,30.64066852367688,24.6,-46.96,-37301.7,-49455.9,-496.2
505,dataset3.FARFAR2.ENST00000618281.best.fixed.pdb,FARFAR2,0.76,0.63,10.009827,6.58,14.68,2.97,34.57719958918179,26.16,-49.29,-54917.4,-70737.57,-678.26
506,dataset3.FARFAR2.ENST00000621422.best.fixed.pdb,FARFAR2,0.7,0.512,9.657552,6.48,13.53,4.11,38.851351351351354,,-89.3,-38662.4,-55933.97,-521.47
507,dataset3.FARFAR2.ENST00000628469.best.fixed.pdb,FARFAR2,0.71,0.526,12.973819,6.82,16.26,3.86,32.984714400643604,,-93.06,-41854.4,-58745.39,-518.21
508,dataset3.FARFAR2.ENSMUST00000083321.best.fixed.pdb,FARFAR2,0.74,0.528,18.359928,6.5,13.79,3.67,38.06559731864975,,-166.48,-75038.0,-104505.28,-857.59
509,dataset3.FARFAR2.ENSMUST00000102350.best.fixed.pdb,FARFAR2,0.65,0.473,17.38078,6.85,13.44,4.18,36.82624707063944,25.64,-9.88,-46413.2,-65420.42,-593.39
510,dataset3.FARFAR2.ENSMUST00000122608.best.fixed.pdb,FARFAR2,0.74,0.552,14.317754,6.4,12.55,3.12,37.35224586288416,,-69.61,-84081.7,-100722.37,-876.37
511,dataset3.FARFAR2.ENST00000363858.best.fixed.pdb,FARFAR2,0.68,0.614,11.902017,6.52,14.62,3.24,35.21336914353924,,-139.23,-65655.0,-80970.05,-701.51
512,dataset3.FARFAR2.ENST00000468851.best.fixed.pdb,FARFAR2,0.7,0.595,8.583359,5.95,11.82,3.31,36.21981681931724,26.55,-114.6,-42296.6,-59726.95,-541.68
513,dataset3.FARFAR2.ENST00000614674.best.fixed.pdb,FARFAR2,0.72,0.534,7.642156,6.59,13.78,3.44,36.77685950413223,26.93,-69.87,-44033.2,-58674.57,-542.74
514,dataset3.FARFAR2.ENST00000620871.best.fixed.pdb,FARFAR2,0.64,0.493,13.624249,6.47,13.54,3.97,36.44314868804665,,-105.86,-47259.9,-63378.28,-578.03
515,dataset3.FARFAR2.ENST00000622426.best.fixed.pdb,FARFAR2,0.72,0.593,10.353648,6.05,13.11,3.23,39.724361572760436,26.26,-63.07,-43642.0,-58782.41,-571.84
